"qid","question","answer_num","answer","percentage"
"50","What word(s) do you use to address a group of two or more people?",1,"you all",12.63
"50","What word(s) do you use to address a group of two or more people?",2,"yous, youse",0.67
"50","What word(s) do you use to address a group of two or more people?",3,"you lot",0.18
"50","What word(s) do you use to address a group of two or more people?",4,"you guys",42.53
"50","What word(s) do you use to address a group of two or more people?",5,"you 'uns",0.2
"50","What word(s) do you use to address a group of two or more people?",6,"yins",0.37
"50","What word(s) do you use to address a group of two or more people?",7,"you",24.82
"50","What word(s) do you use to address a group of two or more people?",8,"other",4.62
"50","What word(s) do you use to address a group of two or more people?",9,"y'all ",13.99
"51","Would you say 'Are you coming with?' as a full sentence, to mean 'Are you coming with us?'",1,"yes",38.01
"51","Would you say 'Are you coming with?' as a full sentence, to mean 'Are you coming with us?'",2,"no",60.12
"51","Would you say 'Are you coming with?' as a full sentence, to mean 'Are you coming with us?'",3,"other ",1.87
"52","Would you say 'where are you at?' to mean 'where are you?'",1,"yes",33.99
"52","Would you say 'where are you at?' to mean 'where are you?'",2,"no",35.61
"52","Would you say 'where are you at?' to mean 'where are you?'",3,"I can use ""where are you at"" in contexts such as asking someone how s/he is coming along on a project, but not in the general sense of ""where are you physically located in the world at this moment"". ",30.4
"53","Modals are words like 'can,' 'could,' 'might,' 'ought to,' and so on. Can you use more than one modal at a time? (e.g., 'I might could do that' to mean 'I might be able to do that'; or 'I used to could do that' to mean 'I used to be able to do that')",1,"yes (please consider adding which combinations of modals you use in the comments box)",11.51
"53","Modals are words like 'can,' 'could,' 'might,' 'ought to,' and so on. Can you use more than one modal at a time? (e.g., 'I might could do that' to mean 'I might be able to do that'; or 'I used to could do that' to mean 'I used to be able to do that')",2,"no",87.68
"53","Modals are words like 'can,' 'could,' 'might,' 'ought to,' and so on. Can you use more than one modal at a time? (e.g., 'I might could do that' to mean 'I might be able to do that'; or 'I used to could do that' to mean 'I used to be able to do that')",3,"other ",0.81
"54","He used to nap on the couch, but he sprawls out in that new lounge chair anymore",1,"this use of ""anymore"" is acceptable",4.98
"54","He used to nap on the couch, but he sprawls out in that new lounge chair anymore",2,"this use of ""anymore"" is unacceptable",92.89
"54","He used to nap on the couch, but he sprawls out in that new lounge chair anymore",3,"not sure ",2.13
"55","I do exclusively figurative paintings anymore",1,"acceptable ",5.41
"55","I do exclusively figurative paintings anymore",2,"unacceptable ",91.56
"55","I do exclusively figurative paintings anymore",3,"not sure ",3.03
"56","Pantyhose are so expensive anymore that I just try to get a good suntan and forget about it.",1,"acceptable ",29.23
"56","Pantyhose are so expensive anymore that I just try to get a good suntan and forget about it.",2,"unacceptable ",67.26
"56","Pantyhose are so expensive anymore that I just try to get a good suntan and forget about it.",3,"not sure ",3.51
"57","Forget the nice clothes anymore (referring to babies eating messily after a certain age)",1,"acceptable ",22.08
"57","Forget the nice clothes anymore (referring to babies eating messily after a certain age)",2,"unacceptable ",70.17
"57","Forget the nice clothes anymore (referring to babies eating messily after a certain age)",3,"not sure ",7.75
"58","Which of these terms do you prefer for a sale of unwanted items on your porch, in your yard, etc.?",1,"tag sale ",3.6
"58","Which of these terms do you prefer for a sale of unwanted items on your porch, in your yard, etc.?",2,"yard sale ",36.41
"58","Which of these terms do you prefer for a sale of unwanted items on your porch, in your yard, etc.?",3,"garage sale ",52.17
"58","Which of these terms do you prefer for a sale of unwanted items on your porch, in your yard, etc.?",4,"rummage sale ",3.1
"58","Which of these terms do you prefer for a sale of unwanted items on your porch, in your yard, etc.?",5,"thrift sale ",0.13
"58","Which of these terms do you prefer for a sale of unwanted items on your porch, in your yard, etc.?",6,"stoop sale ",0.39
"58","Which of these terms do you prefer for a sale of unwanted items on your porch, in your yard, etc.?",7,"carport sale ",0.05
"58","Which of these terms do you prefer for a sale of unwanted items on your porch, in your yard, etc.?",8,"sidewalk sale ",0.2
"58","Which of these terms do you prefer for a sale of unwanted items on your porch, in your yard, etc.?",9,"jumble (sale) ",0.1
"58","Which of these terms do you prefer for a sale of unwanted items on your porch, in your yard, etc.?",10,"car boot sale ",0.05
"58","Which of these terms do you prefer for a sale of unwanted items on your porch, in your yard, etc.?",11,"car boot ",0
"58","Which of these terms do you prefer for a sale of unwanted items on your porch, in your yard, etc.?",12,"patio sale ",0.07
"58","Which of these terms do you prefer for a sale of unwanted items on your porch, in your yard, etc.?",13,"other ",3.72
"59","What do you call the game wherein the participants see who can throw a knife closest to the other person (or alternately, get a jackknife to stick into the ground or a piece of wood)?",1,"mumblety-peg",8.07
"59","What do you call the game wherein the participants see who can throw a knife closest to the other person (or alternately, get a jackknife to stick into the ground or a piece of wood)?",2,"mumbledy-peg",8.69
"59","What do you call the game wherein the participants see who can throw a knife closest to the other person (or alternately, get a jackknife to stick into the ground or a piece of wood)?",3,"mumbly peg",10.84
"59","What do you call the game wherein the participants see who can throw a knife closest to the other person (or alternately, get a jackknife to stick into the ground or a piece of wood)?",4,"mumbly pegs",0.47
"59","What do you call the game wherein the participants see who can throw a knife closest to the other person (or alternately, get a jackknife to stick into the ground or a piece of wood)?",5,"mumblely peg (with 2 l's)",1.81
"59","What do you call the game wherein the participants see who can throw a knife closest to the other person (or alternately, get a jackknife to stick into the ground or a piece of wood)?",6,"mumble peg",0.23
"59","What do you call the game wherein the participants see who can throw a knife closest to the other person (or alternately, get a jackknife to stick into the ground or a piece of wood)?",7,"mummety-peg",0.02
"59","What do you call the game wherein the participants see who can throw a knife closest to the other person (or alternately, get a jackknife to stick into the ground or a piece of wood)?",8,"mumble-the-peg",0
"59","What do you call the game wherein the participants see who can throw a knife closest to the other person (or alternately, get a jackknife to stick into the ground or a piece of wood)?",9,"fumbledy peg",0
"59","What do you call the game wherein the participants see who can throw a knife closest to the other person (or alternately, get a jackknife to stick into the ground or a piece of wood)?",10,"numblety peg",0.22
"59","What do you call the game wherein the participants see who can throw a knife closest to the other person (or alternately, get a jackknife to stick into the ground or a piece of wood)?",11,"peggy",0.02
"59","What do you call the game wherein the participants see who can throw a knife closest to the other person (or alternately, get a jackknife to stick into the ground or a piece of wood)?",12,"baseball jackknife",0.16
"59","What do you call the game wherein the participants see who can throw a knife closest to the other person (or alternately, get a jackknife to stick into the ground or a piece of wood)?",13,"stick-knife",1.01
"59","What do you call the game wherein the participants see who can throw a knife closest to the other person (or alternately, get a jackknife to stick into the ground or a piece of wood)?",14,"stick-frog",0.16
"59","What do you call the game wherein the participants see who can throw a knife closest to the other person (or alternately, get a jackknife to stick into the ground or a piece of wood)?",15,"stretch",1.14
"59","What do you call the game wherein the participants see who can throw a knife closest to the other person (or alternately, get a jackknife to stick into the ground or a piece of wood)?",16,"chicken",2.94
"59","What do you call the game wherein the participants see who can throw a knife closest to the other person (or alternately, get a jackknife to stick into the ground or a piece of wood)?",17,"knifey",0.11
"59","What do you call the game wherein the participants see who can throw a knife closest to the other person (or alternately, get a jackknife to stick into the ground or a piece of wood)?",18,"splits",0.49
"59","What do you call the game wherein the participants see who can throw a knife closest to the other person (or alternately, get a jackknife to stick into the ground or a piece of wood)?",19,"Russian roulette",1.9
"59","What do you call the game wherein the participants see who can throw a knife closest to the other person (or alternately, get a jackknife to stick into the ground or a piece of wood)?",20,"I have never heard of this ""game"" and have no idea what it's called",51.32
"59","What do you call the game wherein the participants see who can throw a knife closest to the other person (or alternately, get a jackknife to stick into the ground or a piece of wood)?",21,"other (state here if you have heard one or more of these terms but never knew what they meant) ",10.39
"60","What do you call the area of grass between the sidewalk and the road?",1,"berm ",4.01
"60","What do you call the area of grass between the sidewalk and the road?",2,"parking ",1.75
"60","What do you call the area of grass between the sidewalk and the road?",3,"tree lawn ",1.92
"60","What do you call the area of grass between the sidewalk and the road?",4,"terrace ",0.73
"60","What do you call the area of grass between the sidewalk and the road?",5,"curb strip ",8.65
"60","What do you call the area of grass between the sidewalk and the road?",6,"beltway ",0.17
"60","What do you call the area of grass between the sidewalk and the road?",7,"verge ",2.56
"60","What do you call the area of grass between the sidewalk and the road?",8,"I have no word for this ",67.92
"60","What do you call the area of grass between the sidewalk and the road?",9,"other ",12.3
"61","What do you call the area of grass that occurs in the middle of some streets?",1,"boulevard ",9.11
"61","What do you call the area of grass that occurs in the middle of some streets?",2,"midway ",0.96
"61","What do you call the area of grass that occurs in the middle of some streets?",3,"traffic island ",8.4
"61","What do you call the area of grass that occurs in the middle of some streets?",4,"island ",44.18
"61","What do you call the area of grass that occurs in the middle of some streets?",5,"neutral ground ",0.79
"61","What do you call the area of grass that occurs in the middle of some streets?",6,"I have no word for this ",16.04
"61","What do you call the area of grass that occurs in the middle of some streets?",7,"other ",20.52
"62","What do you call the long narrow place in the middle of a divided highway?",1,"median strip",13.36
"62","What do you call the long narrow place in the middle of a divided highway?",2,"median",79.22
"62","What do you call the long narrow place in the middle of a divided highway?",3,"boulevard",0.09
"62","What do you call the long narrow place in the middle of a divided highway?",4,"mall",0.02
"62","What do you call the long narrow place in the middle of a divided highway?",5,"traffic island",0.69
"62","What do you call the long narrow place in the middle of a divided highway?",6,"neutral ground",0.24
"62","What do you call the long narrow place in the middle of a divided highway?",7,"island",2.05
"62","What do you call the long narrow place in the middle of a divided highway?",8,"park strip",0.02
"62","What do you call the long narrow place in the middle of a divided highway?",9,"I have no word for this",2.48
"62","What do you call the long narrow place in the middle of a divided highway?",10,"other ",1.82
"63","What do you call the drink made with milk and ice cream?",1,"milkshake/shake ",96.42
"63","What do you call the drink made with milk and ice cream?",2,"frappe ",2.37
"63","What do you call the drink made with milk and ice cream?",3,"cabinet ",0.24
"63","What do you call the drink made with milk and ice cream?",4,"velvet ",0
"63","What do you call the drink made with milk and ice cream?",5,"thick shake ",0.12
"63","What do you call the drink made with milk and ice cream?",6,"other ",0.85
"64","What do you call the long sandwich that contains cold cuts, lettuce, and so on?",1,"sub ",77.15
"64","What do you call the long sandwich that contains cold cuts, lettuce, and so on?",2,"grinder ",2.87
"64","What do you call the long sandwich that contains cold cuts, lettuce, and so on?",3,"hoagie ",6.98
"64","What do you call the long sandwich that contains cold cuts, lettuce, and so on?",4,"hero ",5.18
"64","What do you call the long sandwich that contains cold cuts, lettuce, and so on?",5,"poor boy ",1.77
"64","What do you call the long sandwich that contains cold cuts, lettuce, and so on?",6,"bomber ",0.01
"64","What do you call the long sandwich that contains cold cuts, lettuce, and so on?",7,"Italian sandwich ",0.46
"64","What do you call the long sandwich that contains cold cuts, lettuce, and so on?",8,"baguette ",0.25
"64","What do you call the long sandwich that contains cold cuts, lettuce, and so on?",9,"sarney ",0.03
"64","What do you call the long sandwich that contains cold cuts, lettuce, and so on?",10,"I have no word for this ",0.91
"64","What do you call the long sandwich that contains cold cuts, lettuce, and so on?",11,"other ",4.41
"65","What do you call the insect that flies around in the summer and has a rear section that glows in the dark?",1,"lightning bug ",29.07
"65","What do you call the insect that flies around in the summer and has a rear section that glows in the dark?",2,"firefly ",30.43
"65","What do you call the insect that flies around in the summer and has a rear section that glows in the dark?",3,"I use lightning bug and firefly interchangeably ",39.81
"65","What do you call the insect that flies around in the summer and has a rear section that glows in the dark?",4,"peenie wallie ",0.02
"65","What do you call the insect that flies around in the summer and has a rear section that glows in the dark?",5,"I have no word for this ",0.35
"65","What do you call the insect that flies around in the summer and has a rear section that glows in the dark?",6,"other ",0.32
"66","What do you call the miniature lobster that one finds in lakes and streams for example (a crustacean of the family Astacidae)?",1,"crawfish ",38.82
"66","What do you call the miniature lobster that one finds in lakes and streams for example (a crustacean of the family Astacidae)?",2,"crayfish ",32.45
"66","What do you call the miniature lobster that one finds in lakes and streams for example (a crustacean of the family Astacidae)?",3,"craw ",0.03
"66","What do you call the miniature lobster that one finds in lakes and streams for example (a crustacean of the family Astacidae)?",4,"crowfish ",0.03
"66","What do you call the miniature lobster that one finds in lakes and streams for example (a crustacean of the family Astacidae)?",5,"crawdad ",19.48
"66","What do you call the miniature lobster that one finds in lakes and streams for example (a crustacean of the family Astacidae)?",6,"mudbug ",0.1
"66","What do you call the miniature lobster that one finds in lakes and streams for example (a crustacean of the family Astacidae)?",7,"I have no word for this critter ",5.43
"66","What do you call the miniature lobster that one finds in lakes and streams for example (a crustacean of the family Astacidae)?",8,"other ",3.67
"67","What do you call the kind of spider (or spider-like creature) that has an oval-shaped body and extremely long legs?",1,"daddy long leg(s) ",94.28
"67","What do you call the kind of spider (or spider-like creature) that has an oval-shaped body and extremely long legs?",2,"daddy big legs ",1.09
"67","What do you call the kind of spider (or spider-like creature) that has an oval-shaped body and extremely long legs?",3,"daddy (bug) ",0.02
"67","What do you call the kind of spider (or spider-like creature) that has an oval-shaped body and extremely long legs?",4,"father longlegs ",0.03
"67","What do you call the kind of spider (or spider-like creature) that has an oval-shaped body and extremely long legs?",5,"granddaddy ",0.49
"67","What do you call the kind of spider (or spider-like creature) that has an oval-shaped body and extremely long legs?",6,"daddy graybeard ",0.02
"67","What do you call the kind of spider (or spider-like creature) that has an oval-shaped body and extremely long legs?",7,"daddy spider ",0
"67","What do you call the kind of spider (or spider-like creature) that has an oval-shaped body and extremely long legs?",8,"harvestman ",0.16
"67","What do you call the kind of spider (or spider-like creature) that has an oval-shaped body and extremely long legs?",9,"moskeet spider ",0.03
"67","What do you call the kind of spider (or spider-like creature) that has an oval-shaped body and extremely long legs?",10,"pointer ",0
"67","What do you call the kind of spider (or spider-like creature) that has an oval-shaped body and extremely long legs?",11,"shepherd spider ",0
"67","What do you call the kind of spider (or spider-like creature) that has an oval-shaped body and extremely long legs?",12,"other ",3.89
"68","What nicknames do/did you use for your maternal grandmother?",1,"grandmother ",4.78
"68","What nicknames do/did you use for your maternal grandmother?",2,"granny ",3.77
"68","What nicknames do/did you use for your maternal grandmother?",3,"grandma ",50.67
"68","What nicknames do/did you use for your maternal grandmother?",4,"nana ",5.77
"68","What nicknames do/did you use for your maternal grandmother?",5,"mimi ",0.97
"68","What nicknames do/did you use for your maternal grandmother?",6,"grammy/grammie/grammi ",3.24
"68","What nicknames do/did you use for your maternal grandmother?",7,"other ",30.79
"69","What about your paternal grandmother (is there a distinction?)",1,"grandmother ",6.38
"69","What about your paternal grandmother (is there a distinction?)",2,"granny ",3.67
"69","What about your paternal grandmother (is there a distinction?)",3,"grandma ",47.7
"69","What about your paternal grandmother (is there a distinction?)",4,"gramma ",13.67
"69","What about your paternal grandmother (is there a distinction?)",5,"nana ",4.49
"69","What about your paternal grandmother (is there a distinction?)",6,"other ",24.09
"70","What do/did you call your maternal grandfather?",1,"gramps ",1.02
"70","What do/did you call your maternal grandfather?",2,"grandpa ",21.05
"70","What do/did you call your maternal grandfather?",3,"grampa ",13.86
"70","What do/did you call your maternal grandfather?",4,"grandad, granddad ",5.07
"70","What do/did you call your maternal grandfather?",5,"pap ",0.84
"70","What do/did you call your maternal grandfather?",6,"I spell it 'grandpa' but pronounce it as 'grampa' ",25.9
"70","What do/did you call your maternal grandfather?",7,"other (including if you use a different term to address him directly than you do when speaking about him to a third party) ",32.26
"71","paternal grandfather?",1,"gramps ",0.95
"71","paternal grandfather?",2,"grandpa ",32.29
"71","paternal grandfather?",3,"grampa ",28.87
"71","paternal grandfather?",4,"pap ",0.59
"71","paternal grandfather?",5,"other ",37.31
"72","What do you call the big clumps of dust that gather under furniture and in corners?",1,"dust bunnies ",71.92
"72","What do you call the big clumps of dust that gather under furniture and in corners?",2,"dust kittens ",0.32
"72","What do you call the big clumps of dust that gather under furniture and in corners?",3,"dust mice ",0.98
"72","What do you call the big clumps of dust that gather under furniture and in corners?",4,"kitties ",0.31
"72","What do you call the big clumps of dust that gather under furniture and in corners?",5,"dust balls ",21.35
"72","What do you call the big clumps of dust that gather under furniture and in corners?",6,"other ",5.12
"73","What is your *general* term for the rubber-soled shoes worn in gym class, for athletic activities, etc.?",1,"sneakers ",45.5
"73","What is your *general* term for the rubber-soled shoes worn in gym class, for athletic activities, etc.?",2,"shoes ",1.93
"73","What is your *general* term for the rubber-soled shoes worn in gym class, for athletic activities, etc.?",3,"gymshoes ",5.55
"73","What is your *general* term for the rubber-soled shoes worn in gym class, for athletic activities, etc.?",4,"sand shoes ",0.03
"73","What is your *general* term for the rubber-soled shoes worn in gym class, for athletic activities, etc.?",5,"jumpers ",0.01
"73","What is your *general* term for the rubber-soled shoes worn in gym class, for athletic activities, etc.?",6,"tennis shoes ",41.34
"73","What is your *general* term for the rubber-soled shoes worn in gym class, for athletic activities, etc.?",7,"running shoes ",1.42
"73","What is your *general* term for the rubber-soled shoes worn in gym class, for athletic activities, etc.?",8,"runners ",0.17
"73","What is your *general* term for the rubber-soled shoes worn in gym class, for athletic activities, etc.?",9,"trainers ",0.23
"73","What is your *general* term for the rubber-soled shoes worn in gym class, for athletic activities, etc.?",10,"I have no general word for this ",0.89
"73","What is your *general* term for the rubber-soled shoes worn in gym class, for athletic activities, etc.?",11,"other ",2.95
"74","What do you call the little gray creature (that looks like an insect but is actually a crustacean) that rolls up into a ball when you touch it?",1,"pill bug ",15.91
"74","What do you call the little gray creature (that looks like an insect but is actually a crustacean) that rolls up into a ball when you touch it?",2,"doodle bug ",3.61
"74","What do you call the little gray creature (that looks like an insect but is actually a crustacean) that rolls up into a ball when you touch it?",3,"potato bug ",12.95
"74","What do you call the little gray creature (that looks like an insect but is actually a crustacean) that rolls up into a ball when you touch it?",4,"roly poly ",33.07
"74","What do you call the little gray creature (that looks like an insect but is actually a crustacean) that rolls up into a ball when you touch it?",5,"sow bug ",4.13
"74","What do you call the little gray creature (that looks like an insect but is actually a crustacean) that rolls up into a ball when you touch it?",6,"basketball bug ",0.08
"74","What do you call the little gray creature (that looks like an insect but is actually a crustacean) that rolls up into a ball when you touch it?",7,"twiddle bug ",0.04
"74","What do you call the little gray creature (that looks like an insect but is actually a crustacean) that rolls up into a ball when you touch it?",8,"roll-up bug ",0.21
"74","What do you call the little gray creature (that looks like an insect but is actually a crustacean) that rolls up into a ball when you touch it?",9,"wood louse ",0.47
"74","What do you call the little gray creature (that looks like an insect but is actually a crustacean) that rolls up into a ball when you touch it?",10,"millipede ",0.88
"74","What do you call the little gray creature (that looks like an insect but is actually a crustacean) that rolls up into a ball when you touch it?",11,"centipede ",2.31
"74","What do you call the little gray creature (that looks like an insect but is actually a crustacean) that rolls up into a ball when you touch it?",12,"I know what this creature is, but have no word for it ",9.44
"74","What do you call the little gray creature (that looks like an insect but is actually a crustacean) that rolls up into a ball when you touch it?",13,"I have no idea what this creature is ",13.21
"74","What do you call the little gray creature (that looks like an insect but is actually a crustacean) that rolls up into a ball when you touch it?",14,"other ",3.68
"75","What do you call the wheeled contraption in which you carry groceries at the supermarket?",1,"shopping cart ",77.02
"75","What do you call the wheeled contraption in which you carry groceries at the supermarket?",2,"shopping wagon ",0.22
"75","What do you call the wheeled contraption in which you carry groceries at the supermarket?",3,"grocery cart ",13.95
"75","What do you call the wheeled contraption in which you carry groceries at the supermarket?",4,"shopping carriage ",0.22
"75","What do you call the wheeled contraption in which you carry groceries at the supermarket?",5,"carriage ",0.95
"75","What do you call the wheeled contraption in which you carry groceries at the supermarket?",6,"buggy ",4.11
"75","What do you call the wheeled contraption in which you carry groceries at the supermarket?",7,"supermarket trolley ",0.23
"75","What do you call the wheeled contraption in which you carry groceries at the supermarket?",8,"other ",3.29
"76","What term do you use to refer to something that is across both streets from you at an intersection (or diagonally across from you in general)?",1,"kitty-corner ",49.53
"76","What term do you use to refer to something that is across both streets from you at an intersection (or diagonally across from you in general)?",2,"kitacorner ",0.09
"76","What term do you use to refer to something that is across both streets from you at an intersection (or diagonally across from you in general)?",3,"catercorner ",1.34
"76","What term do you use to refer to something that is across both streets from you at an intersection (or diagonally across from you in general)?",4,"catty-corner ",30.38
"76","What term do you use to refer to something that is across both streets from you at an intersection (or diagonally across from you in general)?",5,"kitty cross ",0
"76","What term do you use to refer to something that is across both streets from you at an intersection (or diagonally across from you in general)?",6,"kitty wampus ",0.13
"76","What term do you use to refer to something that is across both streets from you at an intersection (or diagonally across from you in general)?",7,"I can only use 'diagonal' for this ",12.31
"76","What term do you use to refer to something that is across both streets from you at an intersection (or diagonally across from you in general)?",8,"I have no term for this ",3.68
"76","What term do you use to refer to something that is across both streets from you at an intersection (or diagonally across from you in general)?",9,"other ",2.53
"77","What do you call the activity of driving around in circles in a car?",1,"doing donuts ",80.71
"77","What do you call the activity of driving around in circles in a car?",2,"doing cookies ",1.74
"77","What do you call the activity of driving around in circles in a car?",3,"whipping shitties ",1.43
"77","What do you call the activity of driving around in circles in a car?",4,"other ",16.12
"78","What do you call paper that has already been used for something or is otherwise imperfect?",1,"scratch paper ",31.01
"78","What do you call paper that has already been used for something or is otherwise imperfect?",2,"scrap paper ",30.71
"78","What do you call paper that has already been used for something or is otherwise imperfect?",3,"scratch paper is still usable (for example, the paper you bring to do extra work on a test); scrap paper is paper that isn't needed anymore and can be thrown away. ",35.65
"78","What do you call paper that has already been used for something or is otherwise imperfect?",4,"other ",2.63
"79","What is your *general* term for a big road that you drive relatively fast on?",1,"highway",57
"79","What is your *general* term for a big road that you drive relatively fast on?",2,"freeway",11.98
"79","What is your *general* term for a big road that you drive relatively fast on?",3,"parkway",0.37
"79","What is your *general* term for a big road that you drive relatively fast on?",4,"turnpike",0.54
"79","What is your *general* term for a big road that you drive relatively fast on?",5,"expressway",4.85
"79","What is your *general* term for a big road that you drive relatively fast on?",6,"throughway/thru-way",0.42
"79","What is your *general* term for a big road that you drive relatively fast on?",7,"a freeway is bigger than a highway",5.13
"79","What is your *general* term for a big road that you drive relatively fast on?",8,"a freeway is free (i.e., doesn't charge tolls); a highway isn't",0.42
"79","What is your *general* term for a big road that you drive relatively fast on?",9,"a freeway has limited access (no stop lights, no intersections), whereas a highway can have stop lights and intersections",14.75
"79","What is your *general* term for a big road that you drive relatively fast on?",10,"other ",4.53
"80","What do you call it when rain falls while the sun is shining?",1,"sunshower ",34.29
"80","What do you call it when rain falls while the sun is shining?",2,"the wolf is giving birth ",0.04
"80","What do you call it when rain falls while the sun is shining?",3,"the devil is beating his wife ",6.43
"80","What do you call it when rain falls while the sun is shining?",4,"monkey's wedding ",0.16
"80","What do you call it when rain falls while the sun is shining?",5,"fox's wedding ",0.15
"80","What do you call it when rain falls while the sun is shining?",6,"pineapple rain ",0.03
"80","What do you call it when rain falls while the sun is shining?",7,"liquid sun ",0.74
"80","What do you call it when rain falls while the sun is shining?",8,"I have no term or expression for this ",55.15
"80","What do you call it when rain falls while the sun is shining?",9,"other ",3.02
"81","When you are cold, and little points of skin begin to come on your arms and legs, you have-",1,"goose bumps",89.87
"81","When you are cold, and little points of skin begin to come on your arms and legs, you have-",2,"goose flesh",0.28
"81","When you are cold, and little points of skin begin to come on your arms and legs, you have-",3,"goose pimples",7.3
"81","When you are cold, and little points of skin begin to come on your arms and legs, you have-",4,"chill bumps",1.21
"81","When you are cold, and little points of skin begin to come on your arms and legs, you have-",5,"chill bugs",0.01
"81","When you are cold, and little points of skin begin to come on your arms and legs, you have-",6,"chilly bumps",0.07
"81","When you are cold, and little points of skin begin to come on your arms and legs, you have-",7,"cold-chill bumps",1.26
"81","When you are cold, and little points of skin begin to come on your arms and legs, you have-",8,"other ",0
"82","What do you call the gooey or dry matter that collects in the corners of your eyes, especially while you are sleeping?",1,"crackling ",0.16
"82","What do you call the gooey or dry matter that collects in the corners of your eyes, especially while you are sleeping?",2,"sleep ",37.78
"82","What do you call the gooey or dry matter that collects in the corners of your eyes, especially while you are sleeping?",3,"sleeper ",4.23
"82","What do you call the gooey or dry matter that collects in the corners of your eyes, especially while you are sleeping?",4,"sleepy ",1.56
"82","What do you call the gooey or dry matter that collects in the corners of your eyes, especially while you are sleeping?",5,"sleepies ",5.17
"82","What do you call the gooey or dry matter that collects in the corners of your eyes, especially while you are sleeping?",6,"sleepy seed ",1.67
"82","What do you call the gooey or dry matter that collects in the corners of your eyes, especially while you are sleeping?",7,"sleepy bugs ",0.75
"82","What do you call the gooey or dry matter that collects in the corners of your eyes, especially while you are sleeping?",8,"eye booger ",10.68
"82","What do you call the gooey or dry matter that collects in the corners of your eyes, especially while you are sleeping?",9,"eye shit ",0.45
"82","What do you call the gooey or dry matter that collects in the corners of your eyes, especially while you are sleeping?",10,"eye crunchie ",0.13
"82","What do you call the gooey or dry matter that collects in the corners of your eyes, especially while you are sleeping?",11,"eye crusties ",3.1
"82","What do you call the gooey or dry matter that collects in the corners of your eyes, especially while you are sleeping?",12,"sand ",7.77
"82","What do you call the gooey or dry matter that collects in the corners of your eyes, especially while you are sleeping?",13,"kitty ",0.05
"82","What do you call the gooey or dry matter that collects in the corners of your eyes, especially while you are sleeping?",14,"gunk ",7.09
"82","What do you call the gooey or dry matter that collects in the corners of your eyes, especially while you are sleeping?",15,"matter ",1.63
"82","What do you call the gooey or dry matter that collects in the corners of your eyes, especially while you are sleeping?",16,"I have no word for this ",8.73
"82","What do you call the gooey or dry matter that collects in the corners of your eyes, especially while you are sleeping?",17,"other ",9.05
"83","What do you call an easy course?",1,"gut ",14.65
"83","What do you call an easy course?",2,"crypt course ",0.41
"83","What do you call an easy course?",3,"crip course ",4.98
"83","What do you call an easy course?",4,"bird ",1.08
"83","What do you call an easy course?",5,"blow-off ",36.57
"83","What do you call an easy course?",6,"meat ",0.25
"83","What do you call an easy course?",7,"other ",42.05
"84","What do you call a traffic situation in which several roads meet in a circle and you have to get off at a certain point?",1,"rotary ",12.57
"84","What do you call a traffic situation in which several roads meet in a circle and you have to get off at a certain point?",2,"roundabout ",24.44
"84","What do you call a traffic situation in which several roads meet in a circle and you have to get off at a certain point?",3,"circle ",9.21
"84","What do you call a traffic situation in which several roads meet in a circle and you have to get off at a certain point?",4,"traffic circle ",38.94
"84","What do you call a traffic situation in which several roads meet in a circle and you have to get off at a certain point?",5,"traffic circus ",0.17
"84","What do you call a traffic situation in which several roads meet in a circle and you have to get off at a certain point?",6,"I have no word for this ",12.31
"84","What do you call a traffic situation in which several roads meet in a circle and you have to get off at a certain point?",7,"other ",2.35
"85","What is the thing that women use to tie their hair?",1,"(hair) elastic ",12.46
"85","What is the thing that women use to tie their hair?",2,"rubber band ",32.01
"85","What is the thing that women use to tie their hair?",3,"horsetail ",0.09
"85","What is the thing that women use to tie their hair?",4,"hair thing ",14.97
"85","What is the thing that women use to tie their hair?",5,"hair tie ",18.77
"85","What is the thing that women use to tie their hair?",6,"other ",21.71
"86","Do you use the word cruller?",1,"yes ",30.93
"86","Do you use the word cruller?",2,"no, but I know what it means ",41.83
"86","Do you use the word cruller?",3,"I have no idea what this means ",27.24
"87","Do you use the term 'bear claw' for a kind of pastry?",1,"yes ",55.22
"87","Do you use the term 'bear claw' for a kind of pastry?",2,"no, but I know what it means ",33.93
"87","Do you use the term 'bear claw' for a kind of pastry?",3,"I have no idea what this means ",10.85
"88","What do you call someone who is the opposite of pigeon-toed (i.e. when they walk their feet point outwards)?",1,"duck-footed ",29.08
"88","What do you call someone who is the opposite of pigeon-toed (i.e. when they walk their feet point outwards)?",2,"slue-footed ",2.33
"88","What do you call someone who is the opposite of pigeon-toed (i.e. when they walk their feet point outwards)?",3,"splay-footed ",5.26
"88","What do you call someone who is the opposite of pigeon-toed (i.e. when they walk their feet point outwards)?",4,"bow-legged ",26.44
"88","What do you call someone who is the opposite of pigeon-toed (i.e. when they walk their feet point outwards)?",5,"toed out ",2.87
"88","What do you call someone who is the opposite of pigeon-toed (i.e. when they walk their feet point outwards)?",6,"other ",2.91
"88","What do you call someone who is the opposite of pigeon-toed (i.e. when they walk their feet point outwards)?",7,"I have no word for this ",31.12
"89","Can you call coleslaw 'slaw'?",1,"yes ",38.33
"89","Can you call coleslaw 'slaw'?",2,"yes, but I can also use it in other forms such as apple slaw or broccoli slaw ",9.51
"89","Can you call coleslaw 'slaw'?",3,"no ",47.25
"89","Can you call coleslaw 'slaw'?",4,"I have never heard that usage before ",4.2
"89","Can you call coleslaw 'slaw'?",5,"other ",0.71
"90","What do you call the box you bury a dead person in?",1,"coffin",65.82
"90","What do you call the box you bury a dead person in?",2,"casket",18.09
"90","What do you call the box you bury a dead person in?",3,"a coffin and a casket are not the same, and I know the difference",10.25
"90","What do you call the box you bury a dead person in?",4,"other ",5.84
"91","Do you say 'vinegar and oil' or 'oil and vinegar' for the type of salad dressing?",1,"vinegar and oil ",9.75
"91","Do you say 'vinegar and oil' or 'oil and vinegar' for the type of salad dressing?",2,"oil and vinegar ",78.59
"91","Do you say 'vinegar and oil' or 'oil and vinegar' for the type of salad dressing?",3,"both sound equally good to me ",10.49
"91","Do you say 'vinegar and oil' or 'oil and vinegar' for the type of salad dressing?",4,"neither ",0.85
"91","Do you say 'vinegar and oil' or 'oil and vinegar' for the type of salad dressing?",5,"other ",0.32
"92","What do you call it when a driver changes over one or more lanes way too quickly?",1,"Chinese lane change ",4.27
"92","What do you call it when a driver changes over one or more lanes way too quickly?",2,"Chinese fire drill ",7.86
"92","What do you call it when a driver changes over one or more lanes way too quickly?",3,"other ",87.87
"93","When you stand outside with a long line of people waiting to get in somewhere, are you standing 'in line' or 'on line' (as in, 'I stood ___ in the cold for two hours before they opened the doors')?",1,"on line",5.49
"93","When you stand outside with a long line of people waiting to get in somewhere, are you standing 'in line' or 'on line' (as in, 'I stood ___ in the cold for two hours before they opened the doors')?",2,"in line",88.3
"93","When you stand outside with a long line of people waiting to get in somewhere, are you standing 'in line' or 'on line' (as in, 'I stood ___ in the cold for two hours before they opened the doors')?",3,"both sound equally good",5.36
"93","When you stand outside with a long line of people waiting to get in somewhere, are you standing 'in line' or 'on line' (as in, 'I stood ___ in the cold for two hours before they opened the doors')?",4,"neither",0.12
"93","When you stand outside with a long line of people waiting to get in somewhere, are you standing 'in line' or 'on line' (as in, 'I stood ___ in the cold for two hours before they opened the doors')?",5,"other ",0.73
"94","Do you say 'frosting' or 'icing' for the sweet spread one puts on a cake?",1,"frosting ",32.79
"94","Do you say 'frosting' or 'icing' for the sweet spread one puts on a cake?",2,"icing ",16.88
"94","Do you say 'frosting' or 'icing' for the sweet spread one puts on a cake?",3,"icing is thinner than frosting, white, and/or made of powdered sugar and milk or lemon juice ",20.73
"94","Do you say 'frosting' or 'icing' for the sweet spread one puts on a cake?",4,"both ",28.87
"94","Do you say 'frosting' or 'icing' for the sweet spread one puts on a cake?",5,"neither ",0.04
"94","Do you say 'frosting' or 'icing' for the sweet spread one puts on a cake?",6,"other ",0.69
"95","What is 'the City'?",1,"New York City ",46.99
"95","What is 'the City'?",2,"Boston ",2.6
"95","What is 'the City'?",3,"DC ",2.25
"95","What is 'the City'?",4,"LA ",1.88
"95","What is 'the City'?",5,"Chicago ",4.57
"95","What is 'the City'?",6,"other ",41.72
"96","What is the distinction between dinner and supper?",1,"supper is an evening meal while dinner is eaten earlier (lunch, for example)",7.79
"96","What is the distinction between dinner and supper?",2,"supper is an evening meal, dinner is the main meal",7.76
"96","What is the distinction between dinner and supper?",3,"dinner takes place in a more formal setting than supper",12.12
"96","What is the distinction between dinner and supper?",4,"there is no distinction; they both have the same meaning",34.56
"96","What is the distinction between dinner and supper?",5,"I do not use the term supper",33.14
"96","What is the distinction between dinner and supper?",6,"I don't use the term dinner",0.82
"96","What is the distinction between dinner and supper?",7,"other ",3.83
"97","Which of these terms do you prefer?",1,"trash can ",35.53
"97","Which of these terms do you prefer?",2,"garbage can ",27.38
"97","Which of these terms do you prefer?",3,"rubbish bin ",0.41
"97","Which of these terms do you prefer?",4,"waste(paper) basket ",1.06
"97","Which of these terms do you prefer?",5,"These words refer to different things ",33.26
"97","Which of these terms do you prefer?",6,"other ",2.36
"98","Which of these terms do you prefer?",1,"By accident",77.57
"98","Which of these terms do you prefer?",2,"On accident",9.32
"98","Which of these terms do you prefer?",3,"both",9.75
"98","Which of these terms do you prefer?",4,"neither",1.64
"98","Which of these terms do you prefer?",5,"other ",1.72
"99","Which of these terms do you prefer for the small road parallel to the highway?",1,"frontage road ",29.14
"99","Which of these terms do you prefer for the small road parallel to the highway?",2,"service road ",30.46
"99","Which of these terms do you prefer for the small road parallel to the highway?",3,"access road ",17.79
"99","Which of these terms do you prefer for the small road parallel to the highway?",4,"feeder road ",1.97
"99","Which of these terms do you prefer for the small road parallel to the highway?",5,"gateway ",0.09
"99","Which of these terms do you prefer for the small road parallel to the highway?",6,"we have them but I have no word for them ",12.18
"99","Which of these terms do you prefer for the small road parallel to the highway?",7,"I've never heard of this concept ",4.24
"99","Which of these terms do you prefer for the small road parallel to the highway?",8,"other ",4.12
"100","Do you cut or mow the lawn or grass?",1,"cut the grass ",18.38
"100","Do you cut or mow the lawn or grass?",2,"cut the lawn ",0.64
"100","Do you cut or mow the lawn or grass?",3,"mow the grass ",5.75
"100","Do you cut or mow the lawn or grass?",4,"mow the lawn ",66.79
"100","Do you cut or mow the lawn or grass?",5,"other ",8.43
"101","Do you pass in homework or hand in homework?",1,"pass in ",3.47
"101","Do you pass in homework or hand in homework?",2,"hand in ",75.74
"101","Do you pass in homework or hand in homework?",3,"both ",12.42
"101","Do you pass in homework or hand in homework?",4,"neither ",0.36
"101","Do you pass in homework or hand in homework?",5,"other ",8.01
"102","What do you call the insect that looks like a large thin spider and skitters along the top of water?",1,"waterbug ",46.05
"102","What do you call the insect that looks like a large thin spider and skitters along the top of water?",2,"Jesus bug ",0.5
"102","What do you call the insect that looks like a large thin spider and skitters along the top of water?",3,"waterstrider ",13.55
"102","What do you call the insect that looks like a large thin spider and skitters along the top of water?",4,"strider ",0.54
"102","What do you call the insect that looks like a large thin spider and skitters along the top of water?",5,"water-spider ",6.26
"102","What do you call the insect that looks like a large thin spider and skitters along the top of water?",6,"watercrawler ",0.67
"102","What do you call the insect that looks like a large thin spider and skitters along the top of water?",7,"water beetle ",1.97
"102","What do you call the insect that looks like a large thin spider and skitters along the top of water?",8,"backstrider ",0.14
"102","What do you call the insect that looks like a large thin spider and skitters along the top of water?",9,"skimmer ",3.72
"102","What do you call the insect that looks like a large thin spider and skitters along the top of water?",10,"I have no word for this ",21.95
"102","What do you call the insect that looks like a large thin spider and skitters along the top of water?",11,"other ",4.65
"103","What do you call the thing from which you might drink water in a school?",1,"bubbler ",3.84
"103","What do you call the thing from which you might drink water in a school?",2,"water bubbler ",0.3
"103","What do you call the thing from which you might drink water in a school?",3,"drinking fountain ",33.16
"103","What do you call the thing from which you might drink water in a school?",4,"water fountain ",60.97
"103","What do you call the thing from which you might drink water in a school?",5,"other ",1.74
"104","What do you call a public railway system (normally underground)?",1,"the subway",80.51
"104","What do you call a public railway system (normally underground)?",2,"the L, or the El",2.98
"104","What do you call a public railway system (normally underground)?",3,"the T",2.9
"104","What do you call a public railway system (normally underground)?",4,"the metro",4.88
"104","What do you call a public railway system (normally underground)?",5,"BART",1.92
"104","What do you call a public railway system (normally underground)?",6,"other ",6.81
"105","What is your generic term for a sweetened carbonated beverage?",1,"soda",52.97
"105","What is your generic term for a sweetened carbonated beverage?",2,"pop",25.08
"105","What is your generic term for a sweetened carbonated beverage?",3,"coke",12.38
"105","What is your generic term for a sweetened carbonated beverage?",4,"tonic",0.67
"105","What is your generic term for a sweetened carbonated beverage?",5,"soft drink",5.89
"105","What is your generic term for a sweetened carbonated beverage?",6,"lemonade",0.01
"105","What is your generic term for a sweetened carbonated beverage?",7,"cocola",0.29
"105","What is your generic term for a sweetened carbonated beverage?",8,"fizzy drink",0.14
"105","What is your generic term for a sweetened carbonated beverage?",9,"dope",0.03
"105","What is your generic term for a sweetened carbonated beverage?",10,"other ",2.55
"106","What do you call the act of covering a house or area in front of a house with toilet paper?",1,"tp'ing ",57.61
"106","What do you call the act of covering a house or area in front of a house with toilet paper?",2,"rolling ",6.68
"106","What do you call the act of covering a house or area in front of a house with toilet paper?",3,"toilet papering ",21.04
"106","What do you call the act of covering a house or area in front of a house with toilet paper?",4,"wrapping ",2.13
"106","What do you call the act of covering a house or area in front of a house with toilet paper?",5,"papering ",3.68
"106","What do you call the act of covering a house or area in front of a house with toilet paper?",6,"bog rolling ",0.05
"106","What do you call the act of covering a house or area in front of a house with toilet paper?",7,"I have no word for this ",7.78
"106","What do you call the act of covering a house or area in front of a house with toilet paper?",8,"other ",1.04
"107","What do you call a traffic jam caused by drivers slowing down to look at an accident or other diversion on the side of the road?",1,"rubberneck ",2
"107","What do you call a traffic jam caused by drivers slowing down to look at an accident or other diversion on the side of the road?",2,"rubbernecking ",14.94
"107","What do you call a traffic jam caused by drivers slowing down to look at an accident or other diversion on the side of the road?",3,"rubbernecking is the activity (slowing down and gawking) that causes the traffic jam, but I have no word for the traffic jam itself ",60.53
"107","What do you call a traffic jam caused by drivers slowing down to look at an accident or other diversion on the side of the road?",4,"gapers' block ",2.55
"107","What do you call a traffic jam caused by drivers slowing down to look at an accident or other diversion on the side of the road?",5,"gapers' delay ",1.87
"107","What do you call a traffic jam caused by drivers slowing down to look at an accident or other diversion on the side of the road?",6,"Lookie Lou ",1.59
"107","What do you call a traffic jam caused by drivers slowing down to look at an accident or other diversion on the side of the road?",7,"curiosity delay ",0.8
"107","What do you call a traffic jam caused by drivers slowing down to look at an accident or other diversion on the side of the road?",8,"gawk block ",0.64
"107","What do you call a traffic jam caused by drivers slowing down to look at an accident or other diversion on the side of the road?",9,"I have no word for this ",11.38
"107","What do you call a traffic jam caused by drivers slowing down to look at an accident or other diversion on the side of the road?",10,"other ",3.7
"109","What do you call the paper container in which you might bring home items you bought at the store?",1,"bag",90.26
"109","What do you call the paper container in which you might bring home items you bought at the store?",2,"sack",8.1
"109","What do you call the paper container in which you might bring home items you bought at the store?",3,"poke",0.13
"109","What do you call the paper container in which you might bring home items you bought at the store?",4,"other ",1.51
"110","What do you call the night before Halloween?",1,"gate night ",0.39
"110","What do you call the night before Halloween?",2,"trick night ",0.33
"110","What do you call the night before Halloween?",3,"mischief night ",10.84
"110","What do you call the night before Halloween?",4,"cabbage night ",1.68
"110","What do you call the night before Halloween?",5,"goosy night ",0.37
"110","What do you call the night before Halloween?",6,"devil's night ",11.13
"110","What do you call the night before Halloween?",7,"devil's eve ",0.78
"110","What do you call the night before Halloween?",8,"I have no word for this ",70.38
"110","What do you call the night before Halloween?",9,"other ",4.11
"111","What do you call the end of a loaf of bread?",1,"end ",17.29
"111","What do you call the end of a loaf of bread?",2,"heel ",59.15
"111","What do you call the end of a loaf of bread?",3,"crust ",15.21
"111","What do you call the end of a loaf of bread?",4,"nose ",0.17
"111","What do you call the end of a loaf of bread?",5,"butt ",3.53
"111","What do you call the end of a loaf of bread?",6,"shpitzel ",0.05
"111","What do you call the end of a loaf of bread?",7,"I have no word for this ",1.97
"111","What do you call the end of a loaf of bread?",8,"other ",2.63
"115","What do you call a point that is purely academic, or that cannot be settled and isn't worth discussing further?",1,"a moot point",89.03
"115","What do you call a point that is purely academic, or that cannot be settled and isn't worth discussing further?",2,"a mute point",2.96
"115","What do you call a point that is purely academic, or that cannot be settled and isn't worth discussing further?",3,"either one of the above",1.28
"115","What do you call a point that is purely academic, or that cannot be settled and isn't worth discussing further?",4,"I have no idea",5.57
"115","What do you call a point that is purely academic, or that cannot be settled and isn't worth discussing further?",5,"other ",1.15
"117","What do you call the level of a building that is partly or entirely underground?",1,"basement ",60.67
"117","What do you call the level of a building that is partly or entirely underground?",2,"cellar ",1.66
"117","What do you call the level of a building that is partly or entirely underground?",3,"I use both, and they mean the same thing ",12.6
"117","What do you call the level of a building that is partly or entirely underground?",4,"A basement is finished (for example with plastered or painted walls, carpets, etc.), whereas a cellar is unfinished (made up of bare stone or cement, used only for storage). ",15.31
"117","What do you call the level of a building that is partly or entirely underground?",5,"A cellar has an outside entrance (some call this a 'bulkhead'), whereas a basement does not ",8.4
"117","What do you call the level of a building that is partly or entirely underground?",6,"other ",1.36
"118","What do you call a drive-through liquor store?",1,"brew thru ",3.44
"118","What do you call a drive-through liquor store?",2,"party barn ",0.71
"118","What do you call a drive-through liquor store?",3,"bootlegger ",0.13
"118","What do you call a drive-through liquor store?",4,"beer barn ",2.84
"118","What do you call a drive-through liquor store?",5,"beverage barn ",0.81
"118","What do you call a drive-through liquor store?",6,"we have these in my area, but we have no special term for them ",31.35
"118","What do you call a drive-through liquor store?",7,"I have never heard of such a thing ",48.26
"118","What do you call a drive-through liquor store?",8,"other ",12.45
"119","What do you call food that you buy at a restaurant but then eat at home?",1,"take-out",70.52
"119","What do you call food that you buy at a restaurant but then eat at home?",2,"carry-out",6.4
"119","What do you call food that you buy at a restaurant but then eat at home?",3,"either take-out or carry-out",20.57
"119","What do you call food that you buy at a restaurant but then eat at home?",4,"other ",2.5
"120","What do you say when you want to lay claim to the front seat of a car?",1,"dibs ",20.99
"120","What do you say when you want to lay claim to the front seat of a car?",2,"shotgun ",69.04
"120","What do you say when you want to lay claim to the front seat of a car?",3,"hosey ",0.33
"120","What do you say when you want to lay claim to the front seat of a car?",4,"high hosey ",0.11
"120","What do you say when you want to lay claim to the front seat of a car?",5,"I have no term for this ",6.57
"120","What do you say when you want to lay claim to the front seat of a car?",6,"other ",2.96
"121","What word do you use for gawking at someone in a lustful way?",1,"ogle ",43.77
"121","What word do you use for gawking at someone in a lustful way?",2,"oogle ",15.05
"121","What word do you use for gawking at someone in a lustful way?",3,"oggle (pronounced to rhyme with 'boggle', but may still be spelled 'ogle') ",22.77
"121","What word do you use for gawking at someone in a lustful way?",4,"I use both oogle and ogle interchangeably ",3.65
"121","What word do you use for gawking at someone in a lustful way?",5,"I use both ogle and 'oggle' ",4.45
"121","What word do you use for gawking at someone in a lustful way?",6,"I have no word for this activity ",7.33
"121","What word do you use for gawking at someone in a lustful way?",7,"other ",2.98
